??? ??????,????? ??????,?????,??????,????,?????,????,?????,?????,?????,??????,??????,??????,??????,????????
4000,,,,570,546,,,,,,,,,1116
4001,,,,570,546,,,,,,,,,1116
4002,,,,570,546,,,,,,,,,1116
4003,,,,570,546,,,,,,,,,1116
4004,,,,570,546,,,,,,,,,1116
4005,,,,570,546,,,,,,,,,1116
4006,,,,570,546,,,,,,,,,1116
4007,,,,570,546,,,,,,,,,1116
4008,,,,570,546,,,,,,,,,1116
4009,,,,570,546,,,,,,,,,1116
4010,,,,570,546,,,,,,,,,1116
4011,,,,570,546,,,,,,,,,1116
4012,,,,570,546,,,,,,,,,1116
4013,,,,570,546,,,,,,,,,1116
4014,,,,570,546,,,,,,,,,1116
4015,,,,570,546,,,,,,,,,1116
4016,,,,570,546,,,,,,,,,1116
4017,,,,570,546,,,,,,,,,1116
4018,,,,570,546,,,,,,,,,1116
4019,,,,570,546,,,,,,,,,1116
4020,,,,570,546,,,,,,,,,1116
4021,,,,570,546,,,,,,,,,1116
4022,,,,570,546,,,,,,,,,1116
4023,,,,570,546,,,,,,,,,1116
4024,,,,570,546,,,,,,,,,1116
4025,,,,570,546,,,,,,,,,1116
4026,,,,570,546,,,,,,,,,1116
4027,,,,570,546,,,,,,,,,1116
4028,,,,570,546,,,,,,,,,1116
4029,,,,570,546,,,,,,,,,1116
4030,,,,570,546,,,,,,,,,1116
4031,,,,570,546,,,,,,,,,1116
4032,,,,570,546,,,,,,,,,1116
4033,,,,570,546,,,,,,,,,1116
4034,,,,570,546,,,,,,,,,1116
4035,,,,570,546,,,,,,,,,1116
4036,,,,570,546,,,,,,,,,1116
4037,,,,570,546,,,,,,,,,1116
4038,,,,570,546,,,,,,,,,1116
4039,,,,570,546,,,,,,,,,1116
4040,,,,570,546,,,,,,,,,1116
4041,,,,570,546,,,,,,,,,1116
4042,,,,570,546,,,,,,,,,1116
4043,,,,570,546,,,,,,,,,1116
4044,,,,570,546,,,,,,,,,1116
4045,,,,570,546,,,,,,,,,1116
4046,,,,570,546,,,,,,,,,1116
4047,,,,570,546,,,,,,,,,1116
4048,,,,570,546,,,,,,,,,1116
4049,,,,570,546,,,,,,,,,1116
4050,,,,570,546,,,,,,,,,1116
4051,,,,323,546,,,,,,,,,869
4052,,,,323,546,,,,,,,,,869
4053,,,,323,546,,,,,,,,,869
4054,,,,323,546,,,,,,,,,869
4055,,,,323,546,,,,,,,,,869
4056,,,,323,546,,,,,,,,,869
4057,,,,323,546,,,,,,,,,869
4058,,,,323,546,,,,,,,,,869
4059,,,,323,546,,,,,,,,,869
4060,,,,323,546,,,,,,,,,869
4061,,,,323,546,,,,,,,,,869
4062,,,,323,546,,,,,,,,,869
4063,,,,323,546,,,,,,,,,869
4064,,,,323,546,,,,,,,,,869
4065,,,,323,546,,,,,,,,,869
4066,,,,323,546,,,,,,,,,869
4067,,,,323,546,,,,,,,,,869
4068,,,,323,546,,,,,,,,,869
4069,,,,323,546,,,,,,,,,869
4070,,,,323,546,,,,,,,,,869
4071,,,,323,546,,,,,,,,,869
4072,,,,323,546,,,,,,,,,869
4073,,,,323,546,,,,,,,,,869
4074,,,,323,546,,,,,,,,,869
4075,,,,323,546,,,,,,,,,869
4076,,,,323,546,,,,,,,,,869
4077,,,,323,546,,,,,,,,,869
4078,,,,323,546,,,,,,,,,869
4079,,,,323,546,,,,,,,,,869
4080,,,,323,546,,,,,,,,,869
4081,,,,323,546,,,,,,,,,869
4082,,,,323,546,,,,,,,,,869
4083,,,,323,546,,,,,,,,,869
4084,,,,323,546,,,,,,,,,869
4085,,,,323,546,,,,,,,,,869
4086,,,,323,546,,,,,,,,,869
4087,,,,323,546,,,,,,,,,869
4088,,,,323,546,,,,,,,,,869
4089,,,,323,546,,,,,,,,,869
4090,,,,323,546,,,,,,,,,869
4091,,,,323,546,,,,,,,,,869
4092,,,,323,546,,,,,,,,,869
4093,,,,323,546,,,,,,,,,869
4094,,,,323,546,,,,,,,,,869
4095,,,,323,546,,,,,,,,,869
4096,,,,323,546,,,,,,,,,869
4097,,,,323,546,,,,,,,,,869
4098,,,,,546,,,,,,,,,546
4099,,,,,546,,,,,,,,,546
4100,,,,,546,,,,,,,,,546
4101,,,,,546,,,,,,,,,546
4102,,,,,546,,,,,,,,,546
4103,,,,,546,,,,,,,,,546
4104,,,,,546,,,,,,,,,546
4105,,,,,546,,,,,,,,,546
4106,,,,,546,,,,,,,,,546
4107,,,,,546,,,,,,,,,546
4108,,,,,546,,,,,,,,,546
4109,,,,,546,,,,,,,,,546
4110,,,,,546,,,,,,,,,546
4111,,,,,546,,,,,,,,,546
4112,,,,,546,,,,,,,,,546
4113,,,,,546,,,,,,,,,546
4114,,,,,546,,,,,,,,,546
4115,,,,,546,,,,,,,,,546
4116,,,,,546,,,,,,,,,546
4117,,,,,546,,,,,,,,,546
4118,,,,,546,,,,,,,,,546
4119,,,,,546,,,,,,,,,546
4120,,,,,546,,,,,,,,,546
4121,,,,,546,,,,,,,,,546
4122,,,,,546,,,,,,,,,546
4123,,,,,546,,,,,,,,,546
4124,,,,,546,,,,,,,,,546
4125,,,,,546,,,,,,,,,546
4126,,,,,546,,,,,,,,,546
4127,,,,,546,,,,,,,,,546
4128,,,,,546,,,,,,,,,546
4129,,,,,546,,,,,,,,,546
4130,,,,,546,,,,,,,,,546
4131,,,,,546,,,,,,,,,546
4132,,,,,546,,,,,,,,,546
4133,,,,,546,,,,,,,,,546
4134,,,,,546,,,,,,,,,546
4135,,,,,546,,,,,,,,,546
4136,,,,,546,,,,,,,,,546
4137,,,,,546,,,,,,,,,546
4138,,,,,546,,,,,,,,,546
4139,,,,,546,,,,,,,,,546
4140,,,,,546,,,,,,,,,546
4141,,,,,546,,,,,,,,,546
4142,,,,,546,,,,,,,,,546
4143,,,,,546,,,,,,,,,546
4144,,,,,546,,,,,,,,,546
4145,,,,,546,,,,,,,,,546
4146,,,,,546,,,,,,,,,546
4147,,,,,546,,,,,,,,,546
4148,,,,,546,,,,,,,,,546
4149,,,,,546,,,,,,,,,546
4150,,,,,546,,,,,,,,,546
4151,,,,,546,,,,,,,,,546
4152,,,,,546,,,,,,,,,546
4153,,,,,546,,,,,,,,,546
4154,,,,,546,,,,,,,,,546
4155,,,,,546,,,,,,,,,546
4156,,,,,546,,,,,,,,,546
4157,,,,,546,,,,,,,,,546
4158,,,,,546,,,,,,,,,546
4159,,,,,546,,,,,,,,,546
4160,,,,,546,,,,,,,,,546
4161,,,,,546,,,,,,,,,546
4162,,,,,546,,,,,,,,,546
4163,,,,,546,,,,,,,,,546
4164,,,,,546,,,,,,,,,546
